Common.Names	Standardized.Names	COMMON.NAMES	STANDARDIZED.NAMESPanzem	2-methoxyestradiol	PANZEM	2-METHOXYESTRADIOL6 Thiguanine	6 Thioguanine	6 THIGUANINE	6 THIOGUANINE6 Thioguanine	6 Thioguanine	6 THIOGUANINE	6 THIOGUANINE6-Mercaptopurine	6-Mercaptopurine	6-MERCAPTOPURINE	6-MERCAPTOPURINE81c6	81c6	81C6	81C681C6	81c6	81C6	81C6ch81c6	81c6	CH81C6	81C6I131-81C6	81c6	I131-81C6	81C6mu81c6	81c6	MU81C6	81C6MU81C6	81c6	MU81C6	81C69 Aminocamptothecin	9-Aminocamptothecin	9 AMINOCAMPTOTHECIN	9-AMINOCAMPTOTHECIN9 immunoamino camptnetecin	9-Aminocamptothecin	9 IMMUNOAMINO CAMPTNETECIN	9-AMINOCAMPTOTHECIN9AC 9 Aminocamplotecian	9-Aminocamptothecin	9AC 9 AMINOCAMPLOTECIAN	9-AMINOCAMPTOTHECINA4QN	A4QN	A4QN	A4QNAbiraterone	Abiraterone acetate	ABIRATERONE	ABIRATERONE ACETATEEMD	Abituzumab	EMD	ABITUZUMABAlbumin-Bound Paclitaxel	Abraxane	ALBUMIN-BOUND PACLITAXEL	ABRAXANEABT-888	ABT-888	ABT-888	ABT-888ABT-888 Parp Inhibitor	ABT-888	ABT-888 PARP INHIBITOR	ABT-888Acctuane	Accutane	ACCTUANE	ACCUTANEIsotrectinoin (acccutane)	Accutane	ISOTRECTINOIN (ACCCUTANE)	ACCUTANEIsotretinoin	Accutane	ISOTRETINOIN	ACCUTANEadriamicin	Adriamycin	ADRIAMICIN	ADRIAMYCINAdriamycin	Adriamycin	ADRIAMYCIN	ADRIAMYCINADRIAMYCIN	Adriamycin	ADRIAMYCIN	ADRIAMYCINadriamycin	Adriamycin	ADRIAMYCIN	ADRIAMYCIN"Adriamycin, cytoxan, avastin"	Adriamycin/Cytoxan/Avastin	"ADRIAMYCIN, CYTOXAN, AVASTIN"	ADRIAMYCIN/CYTOXAN/AVASTINadriamycin+cuclophosphamide	Adriamycin/Cyclophosphamide	ADRIAMYCIN+CUCLOPHOSPHAMIDE	ADRIAMYCIN/CYCLOPHOSPHAMIDEadriamycin+cyclophosphamid	Adriamycin/Cyclophosphamide	ADRIAMYCIN+CYCLOPHOSPHAMID	ADRIAMYCIN/CYCLOPHOSPHAMIDEadriamycin+cyclophosphamide	Adriamycin/Cyclophosphamide	ADRIAMYCIN+CYCLOPHOSPHAMIDE	ADRIAMYCIN/CYCLOPHOSPHAMIDEAdriamyicin	Adriamyicin	ADRIAMYICIN	ADRIAMYICINadrimicin+cyclophosphamide	Adriamycin/Cyclophosphamide	ADRIMICIN+CYCLOPHOSPHAMIDE	ADRIAMYCIN/CYCLOPHOSPHAMIDEAdrimycin	Adrimycin	ADRIMYCIN	ADRIMYCINadrimycin+cyclophosphamide	Adriamycin/Cyclophosphamide	ADRIMYCIN+CYCLOPHOSPHAMIDE	ADRIAMYCIN/CYCLOPHOSPHAMIDEAE 788	AE 788	AE 788	AE 788AE-37	AE-37	AE-37	AE-37Alimta	Alimta	ALIMTA	ALIMTAalimta	Alimta	ALIMTA	ALIMTAALIMTA	Alimta	ALIMTA	ALIMTAAlmita	Alimta	ALMITA	ALIMTAalmita	Alimta	ALMITA	ALIMTAPemethexed	Alimta	PEMETHEXED	ALIMTAPemetrexed	Alimta	PEMETREXED	ALIMTApemetrexed	Alimta	PEMETREXED	ALIMTAPemetrexed disodium	Alimta	PEMETREXED DISODIUM	ALIMTApemetrexed disodium	Alimta	PEMETREXED DISODIUM	ALIMTAAMG 102	AMG 102	AMG 102	AMG 102Study drug AMG 655	AMG 655	STUDY DRUG AMG 655	AMG 655Anastrazole	Anastrozole	ANASTRAZOLE	ANASTROZOLEAnastrozole	Anastrozole	ANASTROZOLE	ANASTROZOLEANASTROZOLE	Anastrozole	ANASTROZOLE	ANASTROZOLEANASTROZOLE (ARIMIDEX)	Anastrozole	ANASTROZOLE (ARIMIDEX)	ANASTROZOLEanastrozolum	Anastrozole	ANASTROZOLUM	ANASTROZOLEarimidex	Anastrozole	ARIMIDEX	ANASTROZOLEArimidex	Anastrozole	ARIMIDEX	ANASTROZOLEARIMIDEX	Anastrozole	ARIMIDEX	ANASTROZOLEARIMIDEX (ANASTROZOLE)	Anastrozole	ARIMIDEX (ANASTROZOLE)	ANASTROZOLEArimidex (Anastrozole)	Anastrozole	ARIMIDEX (ANASTROZOLE)	ANASTROZOLEAnti necplatens	Anti necplatens	ANTI NECPLATENS	ANTI NECPLATENSanti neopastons	Anti necplatens	ANTI NEOPASTONS	ANTI NECPLATENSArsenic Tnoxide	Arsenic Trioxide	ARSENIC TNOXIDE	ARSENIC TRIOXIDEArsenic Trioxide	Arsenic Trioxide	ARSENIC TRIOXIDE	ARSENIC TRIOXIDEArsenic Trioxide (ATO)	Arsenic Trioxide	ARSENIC TRIOXIDE (ATO)	ARSENIC TRIOXIDEAT 101	AT-101	AT 101	AT-101AT-101	AT-101	AT-101	AT-101ATTAC	ATTAC	ATTAC	ATTACB12	B12	B12	B12Belinostat	Belinostat	BELINOSTAT	BELINOSTATAvastin	Bevacizumab	AVASTIN	BEVACIZUMABavastin	Bevacizumab	AVASTIN	BEVACIZUMABBevacizumab	Bevacizumab	BEVACIZUMAB	BEVACIZUMABBEVACIZUMAB	Bevacizumab	BEVACIZUMAB	BEVACIZUMABbevacizumab	Bevacizumab	BEVACIZUMAB	BEVACIZUMABBEVACIZUMAB (AVASTIN)/PLACEBO PROVIDED BY STUDY	Bevacizumab	BEVACIZUMAB (AVASTIN)/PLACEBO PROVIDED BY STUDY	BEVACIZUMABBevacizumab Avastin	Bevacizumab	BEVACIZUMAB AVASTIN	BEVACIZUMABBevacizumab or Placebo	Bevacizumab	BEVACIZUMAB OR PLACEBO	BEVACIZUMABBevacizumab or placebo RTOG 0825	Bevacizumab	BEVACIZUMAB OR PLACEBO RTOG 0825	BEVACIZUMABBevacozimab	Bevacizumab	BEVACOZIMAB	BEVACIZUMABBevcizumab	Bevacizumab	BEVCIZUMAB	BEVACIZUMABBIBW 2992	BIBW 2992	BIBW 2992	BIBW 2992BIBW2992	BIBW 2992	BIBW2992	BIBW 2992Bicalutamid	Bicalutamide	BICALUTAMID	BICALUTAMIDEBicalutamide	Bicalutamide	BICALUTAMIDE	BICALUTAMIDECasodex	Bicalutamide	CASODEX	BICALUTAMIDEcasodex	Bicalutamide	CASODEX	BICALUTAMIDEBromo deoxyuridine	Bromodeoxyuridine	BROMO DEOXYURIDINE	BROMODEOXYURIDINEBS1-201	BSI-201	BS1-201	BSI-201BSI-201	BSI-201	BSI-201	BSI-201cabazitaxel	Cabazitaxel	CABAZITAXEL	CABAZITAXELCabazitaxel	Cabazitaxel	CABAZITAXEL	CABAZITAXELCabozantinib	Cabozantinib	CABOZANTINIB	CABOZANTINIBCAI (NABTT 9712)	CAI NABTT 9712	CAI (NABTT 9712)	CAI NABTT 9712CAI (NABTT 97212)	CAI NABTT 9712	CAI (NABTT 97212)	CAI NABTT 9712CAI NABIT 9712	CAI NABTT 9712	CAI NABIT 9712	CAI NABTT 9712Carboplatin	Carboplatin	CARBOPLATIN	CARBOPLATINCARBOPLATIN	Carboplatin	CARBOPLATIN	CARBOPLATINcarboplatin	Carboplatin	CARBOPLATIN	CARBOPLATINCARBOplatin	Carboplatin	CARBOPLATIN	CARBOPLATINCarboplatin 5 AUC	Carboplatin	CARBOPLATIN 5 AUC	CARBOPLATINCarboplatine	Carboplatin	CARBOPLATINE	CARBOPLATINCarboplatinum	Carboplatin	CARBOPLATINUM	CARBOPLATINcarboplatinum	Carboplatin	CARBOPLATINUM	CARBOPLATINParaplatin	Carboplatin	PARAPLATIN	CARBOPLATINPARAPLATIN	Carboplatin	PARAPLATIN	CARBOPLATINCarboxy amido triazole	Carboxyamidotriazole	CARBOXY AMIDO TRIAZOLE	CARBOXYAMIDOTRIAZOLECarmustin	Carmustine	CARMUSTIN	CARMUSTINECarmustine	Carmustine	CARMUSTINE	CARMUSTINECarmustine (BCNU)	Carmustine	CARMUSTINE (BCNU)	CARMUSTINECarmustine BCNU	Carmustine	CARMUSTINE BCNU	CARMUSTINECAV Trial	CAV Trial	CAV TRIAL	CAV TRIALCedicanib	Cedicanib	CEDICANIB	CEDICANIBAZD	Cediranib	AZD	CEDIRANIBCediranib/Placebo	Cediranib/Placebo	CEDIRANIB/PLACEBO	CEDIRANIB/PLACEBOCelbrex	Celebrex	CELBREX	CELEBREXCelebrex	Celebrex	CELEBREX	CELEBREXCetuximab	Cetuximab	CETUXIMAB	CETUXIMABcetuximab	Cetuximab	CETUXIMAB	CETUXIMABCetuximab Study drug	Cetuximab	CETUXIMAB STUDY DRUG	CETUXIMABCetuximeb	Cetuximab	CETUXIMEB	CETUXIMABCetuxinab	Cetuximab	CETUXINAB	CETUXIMABErbitux	Cetuximab	ERBITUX	CETUXIMABERBITUX	Cetuximab	ERBITUX	CETUXIMABerbitux	Cetuximab	ERBITUX	CETUXIMABChloroquine	Chloroquine	CHLOROQUINE	CHLOROQUINECI 980	CI-980	CI 980	CI-980CI-980	CI-980	CI-980	CI-980CI980	CI-980	CI980	CI-980Cilenaitide	Cilengitide	CILENAITIDE	CILENGITIDECilengitide	Cilengitide	CILENGITIDE	CILENGITIDECilengtide	Cilengitide	CILENGTIDE	CILENGITIDECisplastin	Cisplatin	CISPLASTIN	CISPLATINCisplatain	Cisplatin	CISPLATAIN	CISPLATINCisplatin	Cisplatin	CISPLATIN	CISPLATINcisplatin	Cisplatin	CISPLATIN	CISPLATINCISPLATIN	Cisplatin	CISPLATIN	CISPLATINCISplatinum	Cisplatin	CISPLATINUM	CISPLATINclodronate	Clodronate	CLODRONATE	CLODRONATEClodronate	Clodronate	CLODRONATE	CLODRONATEclodronic acid	Clodronate	CLODRONIC ACID	CLODRONATECloretazine	Cloretazine	CLORETAZINE	CLORETAZINECPT 11	CPT-11	CPT 11	CPT-11CPT-11	CPT-11	CPT-11	CPT-11cpt-11	CPT-11	CPT-11	CPT-11CPT11	CPT-11	CPT11	CPT-11Cis Retinoic Acid	CRA	CIS RETINOIC ACID	CRACIS Retinoic Acid	CRA	CIS RETINOIC ACID	CRAcis retinoic acid	CRA	CIS RETINOIC ACID	CRACis-retinoic acid	CRA	CIS-RETINOIC ACID	CRACRA	CRA	CRA	CRAReinoid/CIS retinoic acid	CRA	REINOID/CIS RETINOIC ACID	CRACyclophasphamide	Cyclophasphamide	CYCLOPHASPHAMIDE	CYCLOPHASPHAMIDECyclophospamide	Cyclophasphamide	CYCLOPHOSPAMIDE	CYCLOPHASPHAMIDEcyclophosphamid	Cyclophasphamide	CYCLOPHOSPHAMID	CYCLOPHASPHAMIDECyclophosphamide	Cyclophasphamide	CYCLOPHOSPHAMIDE	CYCLOPHASPHAMIDECYCLOPHOSPHAMIDE	Cyclophasphamide	CYCLOPHOSPHAMIDE	CYCLOPHASPHAMIDEcyclophosphamide	Cyclophasphamide	CYCLOPHOSPHAMIDE	CYCLOPHASPHAMIDEcyclophosphamide+methotrexatum+fluorouracillum	Cyclophasphamide/Methotrexatum/Fluorouracil	CYCLOPHOSPHAMIDE+METHOTREXATUM+FLUOROURACILLUM	CYCLOPHASPHAMIDE/METHOTREXATUM/FLUOROURACILcyclophosphamidum	Cyclophasphamide	CYCLOPHOSPHAMIDUM	CYCLOPHASPHAMIDECyclophosphane	Cyclophasphamide	CYCLOPHOSPHANE	CYCLOPHASPHAMIDECyotxan	Cytoxan	CYOTXAN	CYTOXANCytoxan	Cytoxan	CYTOXAN	CYTOXANCYTOXAN	Cytoxan	CYTOXAN	CYTOXANcytoxan	Cytoxan	CYTOXAN	CYTOXANCytoxan and Taxotere	Cytoxan	CYTOXAN AND TAXOTERE	CYTOXANCytoxen	Cytoxan	CYTOXEN	CYTOXANDaclizumab	Daclizumab	DACLIZUMAB	DACLIZUMABdc Vax (Dendritic Cell Vaccine)	dcVax	DC VAX (DENDRITIC CELL VACCINE)	DCVAXdcVax	dcVax	DCVAX	DCVAXDendritic Cell Vaccine (dcvax)	dcVax	DENDRITIC CELL VACCINE (DCVAX)	DCVAXDendriticcell Vaccine	dcVax	DENDRITICCELL VACCINE	DCVAXFirmagon	Degarelix	FIRMAGON	DEGARELIXDexaethasone	Dexamethasone	DEXAETHASONE	DEXAMETHASONEDexamethasome	Dexamethasone	DEXAMETHASOME	DEXAMETHASONEDexamethasone	Dexamethasone	DEXAMETHASONE	DEXAMETHASONEDexamethazone	Dexamethasone	DEXAMETHAZONE	DEXAMETHASONEDexamethsone	Dexamethasone	DEXAMETHSONE	DEXAMETHASONEDexamthasone	Dexamethasone	DEXAMTHASONE	DEXAMETHASONEDexmethasone	Dexamethasone	DEXMETHASONE	DEXAMETHASONEDocetaxel	Docetaxel	DOCETAXEL	DOCETAXELDOCETAXEL	Docetaxel	DOCETAXEL	DOCETAXELdocetaxel	Docetaxel	DOCETAXEL	DOCETAXELDocetoxel/Taxotere	Docetaxel	DOCETOXEL/TAXOTERE	DOCETAXELDoxetaxel	Docetaxel	DOXETAXEL	DOCETAXELDoxetaxol	Docetaxel	DOXETAXOL	DOCETAXELTAXOTERE	Docetaxel	TAXOTERE	DOCETAXELTaxotere	Docetaxel	TAXOTERE	DOCETAXELtaxotere	Docetaxel	TAXOTERE	DOCETAXELac	Doxorubicin/Cyclophosphamide	AC	DOXORUBICIN/CYCLOPHOSPHAMIDEACT PEP3 KLH	Doxorubicin/Cyclophosphamide/Taxol/Taxotere/PEP3-KLH	ACT PEP3 KLH	DOXORUBICIN/CYCLOPHOSPHAMIDE/TAXOL/TAXOTERE/PEP3-KLHDoxorubicin	Doxorubicin	DOXORUBICIN	DOXORUBICINDOXORUBICIN	Doxorubicin	DOXORUBICIN	DOXORUBICINdoxorubicin	Doxorubicin	DOXORUBICIN	DOXORUBICINdoxorubicin HCL	Doxorubicin	DOXORUBICIN HCL	DOXORUBICINdoxorubicine	Doxorubicin	DOXORUBICINE	DOXORUBICINDoxorubicinum	Doxorubicin	DOXORUBICINUM	DOXORUBICINDoxil	Doxorubicin Liposomal	DOXIL	DOXORUBICIN LIPOSOMALDoxorubicin Liposome	Doxorubicin Liposomal	DOXORUBICIN LIPOSOME	DOXORUBICIN LIPOSOMALdoxorubicin+ cyclophosphamide	Doxorubicin Liposomal/Cyclophosphamide	DOXORUBICIN+ CYCLOPHOSPHAMIDE	DOXORUBICIN LIPOSOMAL/CYCLOPHOSPHAMIDEdoxorubicin+cyclophosphamid	Doxorubicin Liposomal/Cyclophosphamide	DOXORUBICIN+CYCLOPHOSPHAMID	DOXORUBICIN LIPOSOMAL/CYCLOPHOSPHAMIDEdoxorubicine cyclophosphamide tamoxifen	Doxorubicin Liposomal/Cyclophosphamide/Tamoxifen	DOXORUBICINE CYCLOPHOSPHAMIDE TAMOXIFEN	DOXORUBICIN LIPOSOMAL/CYCLOPHOSPHAMIDE/TAMOXIFENdoxorubicine+cyclophosphamide	Doxorubicin Liposomal/Cyclophosphamide	DOXORUBICINE+CYCLOPHOSPHAMIDE	DOXORUBICIN LIPOSOMAL/CYCLOPHOSPHAMIDEdoxorubicine+cyclophosphamide+tamoxifen	Doxorubicin Liposomal/Cyclophosphamide/Tamoxifen	DOXORUBICINE+CYCLOPHOSPHAMIDE+TAMOXIFEN	DOXORUBICIN LIPOSOMAL/CYCLOPHOSPHAMIDE/TAMOXIFENE-75	E-75	E-75	E-75Enzastaurin	Enzastaurin	ENZASTAURIN	ENZASTAURINEpirubicin	Epirubicin	EPIRUBICIN	EPIRUBICINEpirubicoin	Epirubicin	EPIRUBICOIN	EPIRUBICINEribulin	Eribulin	ERIBULIN	ERIBULINErlotinib	Erlotini	ERLOTINIB	ERLOTINIErlotinib (Tarceva)	Erlotini	ERLOTINIB (TARCEVA)	ERLOTINIErlotonib	Erlotini	ERLOTONIB	ERLOTINITanceva	Erlotinib	TANCEVA	ERLOTINIBTarceva	Erlotinib	TARCEVA	ERLOTINIBTARCEVA	Erlotinib	TARCEVA	ERLOTINIBTarceva (Erlotinib)	Erlotinib	TARCEVA (ERLOTINIB)	ERLOTINIBTarceva/Erlotinib	Erlotinib	TARCEVA/ERLOTINIB	ERLOTINIBTarveca	Erlotinib	TARVECA	ERLOTINIBOS1-774	Erlotinib Hydrochloride 	OS1-774	ERLOTINIB HYDROCHLORIDE Estramustine	Estramustine	ESTRAMUSTINE	ESTRAMUSTINEEtoposide	Etoposide	ETOPOSIDE	ETOPOSIDEetoposide (VP-16)	Etoposide	ETOPOSIDE (VP-16)	ETOPOSIDEEverolimus	Everolimus	EVEROLIMUS	EVEROLIMUSeverolimus	Everolimus	EVEROLIMUS	EVEROLIMUSRad001	Everolimus	RAD001	EVEROLIMUSAromasin	Exemestane	AROMASIN	EXEMESTANEaromasin	Exemestane	AROMASIN	EXEMESTANEAROMASIN (EXEMESTANE)	Exemestane	AROMASIN (EXEMESTANE)	EXEMESTANEAromasin (Exemestane)	Exemestane	AROMASIN (EXEMESTANE)	EXEMESTANEaromatase exemestane	Exemestane	AROMATASE EXEMESTANE	EXEMESTANEExemestane	Exemestane	EXEMESTANE	EXEMESTANEEXEMESTANE	Exemestane	EXEMESTANE	EXEMESTANEEXEMESTANE (AROMASIN)	Exemestane	EXEMESTANE (AROMASIN)	EXEMESTANEFenretinide	Fenretinide	FENRETINIDE	FENRETINIDEFLOUROURACIL	Flourouracil	FLOUROURACIL	FLOUROURACILFlourouracil	Flourouracil	FLOUROURACIL	FLOUROURACILFloxuridine	Floxuridine	FLOXURIDINE	FLOXURIDINEFUDR (Floxuridine)	Floxuridine	FUDR (FLOXURIDINE)	FLOXURIDINE5 fluorouracil	Fluorouracil	5 FLUOROURACIL	FLUOROURACIL5 FU	Fluorouracil	5 FU	FLUOROURACIL5- FU	Fluorouracil	5- FU	FLUOROURACIL5-Flourouracil	Fluorouracil	5-FLOUROURACIL	FLUOROURACIL5-Fluorouracil	Fluorouracil	5-FLUOROURACIL	FLUOROURACIL5-fluorouracil	Fluorouracil	5-FLUOROURACIL	FLUOROURACIL5-Fluoruoracil	Fluorouracil	5-FLUORUORACIL	FLUOROURACIL5-FU	Fluorouracil	5-FU	FLUOROURACIL5FU	Fluorouracil	5FU	FLUOROURACILFluorouracil	Fluorouracil	FLUOROURACIL	FLUOROURACILFLUOROURACIL	Fluorouracil	FLUOROURACIL	FLUOROURACILfluorouracil	Fluorouracil	FLUOROURACIL	FLUOROURACILFluorouracil IV Continuous infusion over 46 hours	Fluorouracil	FLUOROURACIL IV CONTINUOUS INFUSION OVER 46 HOURS	FLUOROURACILFotemustina	Fotemustine	FOTEMUSTINA	FOTEMUSTINEFotemustine	Fotemustine	FOTEMUSTINE	FOTEMUSTINEfotemustine	Fotemustine	FOTEMUSTINE	FOTEMUSTINEFT	FT	FT	FTFaslodex	Fulvestrant	FASLODEX	FULVESTRANTfaslodex	Fulvestrant	FASLODEX	FULVESTRANTFulvestrant	Fulvestrant	FULVESTRANT	FULVESTRANTFULVESTRANT	Fulvestrant	FULVESTRANT	FULVESTRANTFulvestrant (Faslodex)	Fulvestrant	FULVESTRANT (FASLODEX)	FULVESTRANTGefitinib	Gefitinib	GEFITINIB	GEFITINIBIressa	Gefitinib	IRESSA	GEFITINIBIRESSA	Gefitinib	IRESSA	GEFITINIBGemcitabine	Gemzar	GEMCITABINE	GEMZARgemcitabine	Gemzar	GEMCITABINE	GEMZARGEMZAR	Gemzar	GEMZAR	GEMZARGemzar	Gemzar	GEMZAR	GEMZARgemzar	Gemzar	GEMZAR	GEMZARGemzar (Gemcitabine)	Gemzar	GEMZAR (GEMCITABINE)	GEMZARFilgrastim (G-CSF)	Gilgrastim	FILGRASTIM (G-CSF)	GILGRASTIMGleevac	Gleevec	GLEEVAC	GLEEVECGleevec	Gleevec	GLEEVEC	GLEEVECBCNU	Gliadel wafer	BCNU	GLIADEL WAFERBCNU (Carmustine)	Gliadel wafer	BCNU (CARMUSTINE)	GLIADEL WAFERBCNU (carmustine)	Gliadel wafer	BCNU (CARMUSTINE)	GLIADEL WAFERGliadel	Gliadel wafer	GLIADEL	GLIADEL WAFERGliadel BCNU	Gliadel wafer	GLIADEL BCNU	GLIADEL WAFERGliadel Wafer	Gliadel wafer	GLIADEL WAFER	GLIADEL WAFERGliadel wafer	Gliadel wafer	GLIADEL WAFER	GLIADEL WAFERGliadel Wafer (BCNU)	Gliadel wafer	GLIADEL WAFER (BCNU)	GLIADEL WAFERGliadel wafer carmustine	Gliadel wafer	GLIADEL WAFER CARMUSTINE	GLIADEL WAFERGliadel Wafers	Gliadel wafer	GLIADEL WAFERS	GLIADEL WAFERGliadel wafers	Gliadel wafer	GLIADEL WAFERS	GLIADEL WAFERGliadel Waters	Gliadel wafer	GLIADEL WATERS	GLIADEL WAFERGliadle Wafer	Gliadel wafer	GLIADLE WAFER	GLIADEL WAFERGoserelin	Goserelin	GOSERELIN	GOSERELINZoladex	Goserelin	ZOLADEX	GOSERELINHSC vaccine injection	HSPPC-96 Vaccine	HSC VACCINE INJECTION	HSPPC-96 VACCINEHSPPC-96 Vaccine	HSPPC-96 Vaccine	HSPPC-96 VACCINE	HSPPC-96 VACCINEHydrochoroquine	Hydrochoroquine	HYDROCHOROQUINE	HYDROCHOROQUINEABTC 0603 Hydroxychloroquine	hydroxychloroquine	ABTC 0603 HYDROXYCHLOROQUINE	HYDROXYCHLOROQUINEHydoxyurea	Hydroxyurea	HYDOXYUREA	HYDROXYUREAHydroxurea	Hydroxyurea	HYDROXUREA	HYDROXYUREAHydroxyuerea	Hydroxyurea	HYDROXYUEREA	HYDROXYUREAHydroxyurea	Hydroxyurea	HYDROXYUREA	HYDROXYUREAHydroyurea	Hydroxyurea	HYDROYUREA	HYDROXYUREAHyrdroxyurea	Hydroxyurea	HYRDROXYUREA	HYDROXYUREAHyroxyurea	Hydroxyurea	HYROXYUREA	HYDROXYUREAIbandronate	ibandronate	IBANDRONATE	IBANDRONATEICT-107	ICT-107	ICT-107	ICT-107Ifosfamide	Ifosfamide	IFOSFAMIDE	IFOSFAMIDEIL 13	IL 13	IL 13	IL 13IL-13 Pseudomonas exotoxin	IL-13PE	IL-13 PSEUDOMONAS EXOTOXIN	IL-13PEIL-13 with Pseudomonas exotoxin	IL-13PE	IL-13 WITH PSEUDOMONAS EXOTOXIN	IL-13PEIL-13 with Pseudomonas Exotoxin	IL-13PE	IL-13 WITH PSEUDOMONAS EXOTOXIN	IL-13PEIL-13-PE38QQR Cytoxin	IL-13PE	IL-13-PE38QQR CYTOXIN	IL-13PEIL-13PE	IL-13PE	IL-13PE	IL-13PECamptosar	Irinotecan	CAMPTOSAR	IRINOTECANIrinotecan	Irinotecan	IRINOTECAN	IRINOTECANirinotecan	Irinotecan	IRINOTECAN	IRINOTECANIrinotecan HCl	Irinotecan	IRINOTECAN HCL	IRINOTECANIRINOtecan HCl	Irinotecan	IRINOTECAN HCL	IRINOTECANIrinotecan HCL	Irinotecan	IRINOTECAN HCL	IRINOTECANIrintocean	Irinotecan	IRINTOCEAN	IRINOTECANIrintotecan	Irinotecan	IRINTOTECAN	IRINOTECANIronotecan	Irinotecan	IRONOTECAN	IRINOTECANIrunotecan	Irinotecan	IRUNOTECAN	IRINOTECANAccutane	Isotretinoin	ACCUTANE	ISOTRETINOINLapatinib	Lapatinib	LAPATINIB	LAPATINIBlapatinib	Lapatinib	LAPATINIB	LAPATINIBLeocovorin	Leocovorin	LEOCOVORIN	LEOCOVORINFemara	Letrozole	FEMARA	LETROZOLEFEMARA	Letrozole	FEMARA	LETROZOLEfemara	Letrozole	FEMARA	LETROZOLEFemara (Letrozole)	Letrozole	FEMARA (LETROZOLE)	LETROZOLELetrozol	Letrozole	LETROZOL	LETROZOLELetrozole	Letrozole	LETROZOLE	LETROZOLELETROZOLE	Letrozole	LETROZOLE	LETROZOLEletrozole	Letrozole	LETROZOLE	LETROZOLELETROZOLE (FEMARA)	Letrozole	LETROZOLE (FEMARA)	LETROZOLELetrozole (Femara)	Letrozole	LETROZOLE (FEMARA)	LETROZOLEletrozolum	Letrozole	LETROZOLUM	LETROZOLEFolfiri	Leucovorin/Flourouracil/Irinotecan	FOLFIRI	LEUCOVORIN/FLOUROURACIL/IRINOTECANFolfox	Leucovorin/Flourouracil/Oxalipatin	FOLFOX	LEUCOVORIN/FLOUROURACIL/OXALIPATINFOLFOX	Leucovorin/Flourouracil/Oxalipatin	FOLFOX	LEUCOVORIN/FLOUROURACIL/OXALIPATINFolFox	Leucovorin/Flourouracil/Oxalipatin	FOLFOX	LEUCOVORIN/FLOUROURACIL/OXALIPATINFolfox-4	Leucovorin/Flourouracil/Oxalipatin	FOLFOX-4	LEUCOVORIN/FLOUROURACIL/OXALIPATINFolinic acid	Leucovorin	FOLINIC ACID	LEUCOVORINFolinic Acid	Leucovorin	FOLINIC ACID	LEUCOVORINLeucovorin	Leucovorin	LEUCOVORIN	LEUCOVORINleucovorin	Leucovorin	LEUCOVORIN	LEUCOVORINLeucovorin Calcium	Leucovorin	LEUCOVORIN CALCIUM	LEUCOVORINleucovorin calcium	Leucovorin	LEUCOVORIN CALCIUM	LEUCOVORINEligard	Leuprolide	ELIGARD	LEUPROLIDELeuprolide	Leuprolide	LEUPROLIDE	LEUPROLIDEleuprolide	Leuprolide	LEUPROLIDE	LEUPROLIDELeuprolide acetate	Leuprolide	LEUPROLIDE ACETATE	LEUPROLIDELeuprolide Acetate	Leuprolide	LEUPROLIDE ACETATE	LEUPROLIDELEUPROLIDE ACETATE (LUPRON)	Leuprolide	LEUPROLIDE ACETATE (LUPRON)	LEUPROLIDELeuprorelin	Leuprolide	LEUPRORELIN	LEUPROLIDELevcovorin	Leuprolide	LEVCOVORIN	LEUPROLIDELuprolide Depot	Leuprolide	LUPROLIDE DEPOT	LEUPROLIDELupron	Leuprolide	LUPRON	LEUPROLIDELUPRON	Leuprolide	LUPRON	LEUPROLIDElupron	Leuprolide	LUPRON	LEUPROLIDETrenantone	Leuprolide	TRENANTONE	LEUPROLIDELevenracetam	Levetiracetam	LEVENRACETAM	LEVETIRACETAMLevetiracetam	Levetiracetam	LEVETIRACETAM	LEVETIRACETAMLomustine	Lomustine	LOMUSTINE	LOMUSTINELOMUSTINE	Lomustine	LOMUSTINE	LOMUSTINElomustine	Lomustine	LOMUSTINE	LOMUSTINELOMUSTINE (CCNU)	Lomustine	LOMUSTINE (CCNU)	LOMUSTINELomustine CCNU	Lomustine	LOMUSTINE CCNU	LOMUSTINELumustine	Lomustine	LUMUSTINE	LOMUSTINESarasar	lonafarnib	SARASAR	LONAFARNIBMAB I 131	MAB I-131	MAB I 131	MAB I-131MAB I-131	MAB I-131	MAB I-131	MAB I-131MAb I-131	MAB I-131	MAB I-131	MAB I-131MAB I131	MAB I-131	MAB I131	MAB I-131MABI131	MAB I-131	MABI131	MAB I-131Methotrexate	Methotrexate	METHOTREXATE	METHOTREXATEMETHOTREXATE	Methotrexate	METHOTREXATE	METHOTREXATEmethotrexate	Methotrexate	METHOTREXATE	METHOTREXATEmethotrexate+5 fluorouracil+cyclophosphamide	Methotrexate	METHOTREXATE+5 FLUOROURACIL+CYCLOPHOSPHAMIDE	METHOTREXATEMithramycin	Mitomycin C	MITHRAMYCIN	MITOMYCIN CMitomycin	Mitomycin C	MITOMYCIN	MITOMYCIN CMitomycin C	Mitomycin C	MITOMYCIN C	MITOMYCIN CMetexafin Gadolinium	Motexafin Gadolinium	METEXAFIN GADOLINIUM	MOTEXAFIN GADOLINIUMMotexafin Gadolinium	Motexafin Gadolinium	MOTEXAFIN GADOLINIUM	MOTEXAFIN GADOLINIUMMotexatin Gadoinium	Motexafin Gadolinium	MOTEXATIN GADOINIUM	MOTEXAFIN GADOLINIUM"""Chemo, Multi-Agent, NOS"""	NA	"""CHEMO, MULTI-AGENT, NOS"""	NA"""Chemo, NOS"""	NA	"""CHEMO, NOS"""	NA[Not Available]	NA	[NOT AVAILABLE]	NA[Unknown]	NA	[UNKNOWN]	NACDR0000654697	NA	CDR0000654697	NA"Chemo, NOS"	NA	"CHEMO, NOS"	NAClinical trial	NA	CLINICAL TRIAL	NANilutamide	Nilutamide	NILUTAMIDE	NILUTAMIDENimustine	Nimustine Hydrochloride	NIMUSTINE	NIMUSTINE HYDROCHLORIDEMDX-1106 clinical trial	nivolumab	MDX-1106 CLINICAL TRIAL	NIVOLUMABNot otherwise specified	NOS	NOT OTHERWISE SPECIFIED	NOS06-BG	O6-BG	06-BG	O6-BG06-BG (NABTT 0803)	O6-BG	06-BG (NABTT 0803)	O6-BG06BG	O6-BG	06BG	O6-BG06GB	O6-BG	06GB	O6-BGO6B6	O6-BG	O6B6	O6-BGO6BG	O6-BG	O6BG	O6-BGEloxatin	Oxaliplatin	ELOXATIN	OXALIPLATINOxaliplatin	Oxaliplatin	OXALIPLATIN	OXALIPLATINoxaliplatin	Oxaliplatin	OXALIPLATIN	OXALIPLATINOXALIPLATIN	Oxaliplatin	OXALIPLATIN	OXALIPLATINoxaliplatinum+ 5-FU	Oxaliplatin/Flourouracil	Flourouracil	OXALIPLATIN/FLOUROURACILAbraxane	Paclitaxel		abraxane	Paclitaxel		Paclitaxel	Paclitaxel		PACLITAXEL	Paclitaxel		paclitaxel	Paclitaxel		Paclitaxel (Protein-Bound)	Paclitaxel		paclitaxelum	Paclitaxel		Palixtaxel	Paclitaxel		Taxane	Paclitaxel		Taxol	Paclitaxel		taxol	Paclitaxel		TAXOL	Paclitaxel		taxol+adriamycin+cyclophosphamide+herceptin	Paclitaxel/Adriamycin/Cyclophosphamide/Herceptin		Taxotere/Cytoxan	Paclitaxel/Cytoxan		Aloxi	palonosetron_		Pamidronate	Pamidronate		Pamidronic acid	Pamidronic acid		Panitumumab	Panitumumab		panitumumab	Panitumumab		VECTIBIX	Panitumumab		vectibix	Panitumumab		Angiocept	Pegdinetanib		Neulasta	Pegfilgrastim		NEULASTA	Pegfilgrastim		Placebo	Placebo		Poly E	Poly E		Poly LCLC	Poly LCLC		Prednisone	Prednisone		Premetrexed	Premetrexed		premetrexed	Premetrexed		Procarbazine	Procarbazine		procarbazine	Procarbazine		PROCARBAZINE	Procarbazine		Procarbazine/CCNU/Vincristine	Procarbazine/Lomustine/Vincristine/		Procarbizine	Procarbazine		PS 341	PS-341		PS-341 Bortrezomib	PS-341		PS341	PS-341		px-866	Px-866		Pyrazinamide	Pyrazinamide		R04929097	R04929097		Raltitrexed	Raltitrexed		Rapamcyin	Rapamycin		Rapamycin	Rapamycin		Sirolimus	rapamycin		Ras Inhibitor	Ras Inhibitor		rec MAGE 3-AS + AS15 ACS1 / Placebo Vaccine	rec MAGE 3-AS + AS15 ACS1 / Placebo Vaccine		rec MAGE3-AS+AS15 ASCI vs Placebo	rec MAGE3-AS+AS15 ASCI vs Placebo		Recentin Placebo AXDX2171	Recentin Placebo AXDX2171		recMAGE3-AS+AS15 ASCI/Placebo vaccine	recMAGE3-AS+AS15 ASCI/Placebo vaccine		recPRAME+AS15	recPRAME+AS15		recPRAME+AS15 ASCI	recPRAME+AS15 ASCI		regorafenib	Regorafenib		ARIAD AP23573	Ridaforolimus		rigosertib	Rigosertib		Rituximab	Rituximab		SCH63666	SCH6636		SCH66336	SCH6636		SCH6636	SCH6636		Sorafenib	Sorafenib		Sorafenib (Bay 43-9006)	Sorafenib		Sovatenib	Sorafenib		Streptozocin	Streptozocin		Suramin	Suramin		nolvadex	Tamoxifen		Nolvadex	Tamoxifen		Tamoxifen	Tamoxifen		tamoxifen	Tamoxifen		TAMOXIFEN	Tamoxifen		TAMOXIFEN (NOVADEX)	Tamoxifen		tamoxifen citrate	Tamoxifen		tamoxiphen+anastrazolum	Tamoxifen		tamoxiphene	Tamoxifen		tamoxiphene+anastrozolum	Tamoxifen		tamoxiphene+leuporeline+gosereline	Tamoxifen		Tamoxiten	Tamoxifen		tc	Taxol/Taxotere/Cytoxan		TC	Taxol/Taxotere/Cytoxan		TCH	Taxol/Taxotere/Carboplatin/Hercptin		Temador	Temozolomide		Temazolomide	Temozolomide		Temodar	Temozolomide		temodar	Temozolomide		Temodar (escalation)	Temozolomide		Temodor	Temozolomide		Temoxolomide	Temozolomide		Temozlomide	Temozolomide		Temozolamide	Temozolomide		Temozolomide	Temozolomide		temozolomide	Temozolomide		TEMOZOLOMIDE	Temozolomide		Temozolomode	Temozolomide		Temozolomoide	Temozolomide		Temozomide	Temozolomide		Temudar	Temozolomide		Themozolomide	Temozolomide		Tesetaxel	Tesetaxel		Thalidomide	Thalidomide		Thalomid	Thalidomide		Tipfarnib (R115777)	Tipfarnib (R115777)		Tipifarnib (R115777)	Tipfarnib (R115777)		TL32711	TL32711		Topecan	Topotecan		Topotecan	Topotecan		topotecan	Topotecan		Toptecan	Topotecan		Fareston	Toremifene		Yondelis	Trabectedin		Herceptin	Trastuzumab		herceptin	Trastuzumab		HERCEPTIN	Trastuzumab		Trastuzumab	Trastuzumab		TRASTUZUMAB	Trastuzumab		trastuzumab	Trastuzumab		Trustuzumab	Trastuzumab		Trelstar	Triptorelin pamoate		Triptorelin	Triptorelin pamoate		triptorelin	Triptorelin pamoate		Tumor Vaccine	Tumor Vaccine		Valproic Acid	Valproic Acid		Valproic acid	Valproic Acid		Vandetanib	Vandetanib		Vatalanib (PTK787)	Vandetanib		Vepesid	VePesid		Vinblastine	Vinblastine		CCNU	Vincristine		CCNu	Vincristine		CeeNU	Vincristine		Vincristin	Vincristine		Vincristine	Vincristine		VINCRISTINE	Vincristine		vincristine	Vincristine		NAVELBINE	Vinorelbine		Navelbine	Vinorelbine		navelbine	Vinorelbine		Vinorelbin	Vinorelbine		Vinorelbin Tartrate	Vinorelbine		Vinorelbine	Vinorelbine		Vinorelbine Tartrate	Vinorelbine		SAHA	Vorinostat		Vorinostat	Vorinostat		VP 16	VP-16		Vp 16	VP-16		VP 16 (Etoposide)	VP-16		VP-16	VP-16		VP16	VP-16		Capecetabine	Xeloda		CAPECITABINE	Xeloda		Capecitabine	Xeloda		capecitabine	Xeloda		XELODA	Xeloda		Xeloda	Xeloda		xeloda	Xeloda		Xeloda (Capecitabine)	Xeloda		Xgeva	Xgeva		XL 184	XL-184		XL184	XL-184		Aflibercept/ Placebo Study	Ziv-aflibercept		Zoledronic Acid	Zometa		Zoledronic acid	Zometa		ZOLEDRONIC ACID	Zometa		zoledronic acid	Zometa		Zometa	Zometa		"Calcium Foliatum, fluorouracilum, oxaliplatinum, dexamethassone"	Calcium Foliatum/Flourouracil/Oxaliplatin/Dexamethasone		CCNG	CCNG		CDDP	Cisplatin		CYC-116/Cyclocel	Cyclacel		degarelix	Degarelix 		Denosumab	Denosumab		Imatinib	Gleevec		IMC-A12	Cixutumumab		Interferon Alpha	Interferon Alfa		Ixabepilone	Ixabepilone		jevtana	cabazitaxel		Karerltecin	Karenitecin		Ketoconazole	Ketoconazole		LHRH Agonist	LHRH Agonist		"LHRH Agonist and Anti-Androgens ""Combined Androgen Blockade"""	"LHRH Agonist and Anti-Androgens ""Combined Androgen Blockade"""		LY317615	Enzastaurin		MAGI131-81c6	MAGI13/81c6		Marimastat	Marimastat		MEDT 575	MEDT 575		Megace	Megestrol		MESNA-1	Cyclophospharmide/Ifosfamide		MESNA-2	Cyclophospharmide/Ifosfamide		Metformin	Metformin		Metronomic Temodar	Metformin/Temozolomide		MGI 114	irofulven		Mitoxantrone	Mitoxantrone		Mustophoran	Mustophoran		Oxcarbazepine	Oxcarbazepine		PC2	Paclitaxel/Carboplatin		PCB	Procarbazine		PCV	Procarbazine/Lomustine/Vincristine		Pegfilgrastim	Pegfilgrastim		Pegfilgrastim (Peg G-CSF)	Pegfilgrastim		Pemetsexed	Pemetsexed		PEP3 KLH	PEP3-KLH		Phenytoin Sodium	Phenytoin Sodium		